{"parent":"block/cube_all","textures":{"coil":"mekanism:block/models/supercharged_coil","particle":"mekanism:block/steel_casing"},"elements":[{"name":"body","from":[5,1,5],"to":[11,10,11],"rotation":{"angle":0,"axis":"y","origin":[8,8,7]},"faces":{"north":{"uv":[8,6,14,15],"texture":"#coil"},"east":{"uv":[8,6,14,15],"texture":"#coil"},"south":{"uv":[8,6,14,15],"texture":"#coil"},"west":{"uv":[8,6,14,15],"texture":"#coil"},"up":{"uv":[8,0,14,6],"texture":"#coil"}}},{"name":"wire1","from":[4.995,8,7],"to":[5.995,13,8],"rotation":{"angle":0,"axis":"y","origin":[5,8,8]},"faces":{"north":{"uv":[7,8,8,13],"texture":"#coil"},"east":{"uv":[7,8,8,13],"texture":"#coil"},"south":{"uv":[7,8,8,13],"texture":"#coil"},"west":{"uv":[7,8,8,13],"texture":"#coil"},"up":{"uv":[7,8,8,9],"texture":"#coil"}}},{"name":"wire2","from":[10.005,8,8],"to":[11.005,13,9],"rotation":{"angle":0,"axis":"y","origin":[10,8,8]},"faces":{"north":{"uv":[7,8,8,13],"texture":"#coil"},"east":{"uv":[7,8,8,13],"texture":"#coil"},"south":{"uv":[7,8,8,13],"texture":"#coil"},"west":{"uv":[7,8,8,13],"texture":"#coil"},"up":{"uv":[7,8,8,9],"texture":"#coil"}}},{"name":"center","from":[7,15,7],"to":[9,16,9],"faces":{"north":{"uv":[4,11,6,12],"texture":"#coil"},"east":{"uv":[4,11,6,12],"texture":"#coil"},"south":{"uv":[4,11,6,12],"texture":"#coil"},"west":{"uv":[4,11,6,12],"texture":"#coil"},"up":{"uv":[4,8,7,11],"texture":"#coil"},"down":{"uv":[4,11,6,12],"texture":"#coil"}}},{"name":"port","from":[4,0,4],"to":[12,1,12],"faces":{"north":{"uv":[0,0,8,1],"texture":"#coil"},"east":{"uv":[0,0,8,1],"texture":"#coil"},"south":{"uv":[0,0,8,1],"texture":"#coil"},"west":{"uv":[0,0,8,1],"texture":"#coil"},"up":{"uv":[8,0,15,7],"texture":"#coil"},"down":{"uv":[0,0,8,8],"texture":"#coil"}}},{"name":"coil_large","from":[6,10,6],"to":[10,15,10],"rotation":{"angle":0,"axis":"y","origin":[8,9,8]},"faces":{"north":{"uv":[0,8,4,13],"texture":"#coil"},"east":{"uv":[0,9,4,14],"texture":"#coil"},"south":{"uv":[0,8,4,13],"texture":"#coil"},"west":{"uv":[0,9,4,14],"texture":"#coil"},"up":{"uv":[0,12,4,16],"texture":"#coil"},"down":{"uv":[0,8,4,13],"texture":"#coil"}}},{"name":"coil_1","from":[7,3,4],"to":[9,8,6],"rotation":{"angle":0,"axis":"y","origin":[9,2,6]},"faces":{"north":{"uv":[0,8,2,13],"texture":"#coil"},"east":{"uv":[0,8,2,13],"texture":"#coil"},"south":{"uv":[0,8,2,13],"texture":"#coil"},"west":{"uv":[0,8,2,13],"texture":"#coil"},"up":{"uv":[0,8,2,10],"texture":"#coil"},"down":{"uv":[0,11,2,13],"texture":"#coil"}}},{"name":"coil_2","from":[7,3,10],"to":[9,8,12],"rotation":{"angle":0,"axis":"y","origin":[9,2,12]},"faces":{"north":{"uv":[0,8,2,13],"texture":"#coil"},"east":{"uv":[0,8,2,13],"texture":"#coil"},"south":{"uv":[0,8,2,13],"texture":"#coil"},"west":{"uv":[0,8,2,13],"texture":"#coil"},"up":{"uv":[0,8,2,10],"texture":"#coil"},"down":{"uv":[0,11,2,13],"texture":"#coil"}}},{"name":"coil_3","from":[4,3,7],"to":[6,8,9],"rotation":{"angle":0,"axis":"y","origin":[6,2,9]},"faces":{"north":{"uv":[0,8,2,13],"texture":"#coil"},"east":{"uv":[0,8,2,13],"texture":"#coil"},"south":{"uv":[0,8,2,13],"texture":"#coil"},"west":{"uv":[0,8,2,13],"texture":"#coil"},"up":{"uv":[0,8,2,10],"texture":"#coil"},"down":{"uv":[0,11,2,13],"texture":"#coil"}}},{"name":"coil_4","from":[10,3,7],"to":[12,8,9],"rotation":{"angle":0,"axis":"y","origin":[12,2,9]},"faces":{"north":{"uv":[0,8,2,13],"texture":"#coil"},"east":{"uv":[0,8,2,13],"texture":"#coil"},"south":{"uv":[0,8,2,13],"texture":"#coil"},"west":{"uv":[0,8,2,13],"texture":"#coil"},"up":{"uv":[0,8,2,10],"texture":"#coil"},"down":{"uv":[0,11,2,13],"texture":"#coil"}}}],"display":{"thirdperson_righthand":{"rotation":[75,45,0],"translation":[0,1.75,1.75],"scale":[0.375,0.375,0.375]},"thirdperson_lefthand":{"rotation":[75,45,0],"translation":[0,1.75,1.75],"scale":[0.375,0.375,0.375]},"firstperson_righthand":{"rotation":[0,45,0],"translation":[0,1.25,0],"scale":[0.4,0.4,0.4]},"firstperson_lefthand":{"rotation":[0,45,0],"translation":[0,1.25,0],"scale":[0.4,0.4,0.4]},"ground":{"translation":[0,3,0],"scale":[0.25,0.25,0.25]},"gui":{"rotation":[30,225,0],"scale":[0.625,0.625,0.625]},"head":{"translation":[0,14.25,0]},"fixed":{"translation":[0,0,-0.5],"scale":[0.5,0.5,0.5]}}}